party_f1,party_accuracy
0.6405691992478039,0.6439024390243903
